First Name,Middle Name,Last Name,Email,Student Number,Group
suzy,suzy,bae,stud3@stud.com,78236478,Envisioner
jennie,jennie,kim,stud4@stud.com,3845789,Envisioner
first1,middle1,last1,stud5@stud.com,34534534,cyber ace
first2,middle2,last2,test1@test.com,5345345,envisioner
first3,middle3,last3,test2@test.com,34534536,MMLF
first4,middle4,last4,test3@test.com,6435645,mmlf
mina,sharon,myoui,stud@stud.com,1234567879,cyber Ace
sana,sana,minatozaki,stud2@stud.com,9876545,cyber Ace
